,2021-12-31,2022-12-31,2023-12-31,2024-12-31,2025-12-31
BBCA.JK,,89523508000000.0,100485975000000.0,108796625000000.0,114319648000000.0
BBRI.JK,,153783233000000.0,166453016000000.0,172996429000000.0,186876558000000.0
BMRI.JK,,115633384000000.0,124193814000000.0,134799086000000.0,140173049000000.0
BBNI.JK,,56608758000000.0,56389769000000.0,56347695000000.0,57909918000000.0
TLKM.JK,,147306000000000.0,149216000000000.0,149967000000000.0,146742000000000.0
EXCL.JK,,29141994000000.0,32322651000000.0,34391597000000.0,42445960000000.0
ASII.JK,,301379000000000.0,316565000000000.0,328480000000000.0,323392000000000.0
UNTR.JK,,123607460000000.0,128583264000000.0,134426998000000.0,131300810000000.0
UNVR.JK,,41218881000000.0,38611401000000.0,30622614000000.0,31943461000000.0
ICBP.JK,,64797516000000.0,67909901000000.0,72597188000000.0,74850923000000.0
INDF.JK,,110830272000000.0,111703611000000.0,115786525000000.0,123493214000000.0
KLBF.JK,,28933502646719.0,30449134077618.0,32627776000000.0,35324544000000.0
ANTM.JK,,45930356000000.0,41047693000000.0,69192440000000.0,84642439000000.0
PTBA.JK,,42648590000000.0,38488867000000.0,42764968000000.0,42651724000000.0
ITMG.JK,,3636213000.0,2374315000.0,2304497000.0,1881107000.0
