Ticker,Short Name,Sector,Industry,Current Price,Market Cap,Trailing P/E,Forward P/E,Price to Book (PBV),EV / EBITDA,EV / Revenue,ROE (%),ROA (%),Profit Margin (%),Operating Margin (%),Dividend Yield (%),Payout Ratio (%),Debt to Equity,Current Ratio,Beta
BBCA.JK,Bank Central Asia Tbk,Financial Services,Banks - Regional,6200.0,761618833080320.0,13.139491,12.850273,2.8162463,,6.733,21.818,3.671,53.117999999999995,66.751,6.12,75.42,,,-0.043
BBRI.JK,Bank Rakyat Indonesia (Persero),Financial Services,Banks - Regional,3180.0,479175710343168.0,7.8153796,7.224153,1.4884784,,4.902,18.988000999999997,2.7709998,41.705,41.943002,12.67,85.010004,,,0.178
BMRI.JK,Bank Mandiri (Persero) Tbk,Financial Services,Banks - Regional,4160.0,386769086316544.0,6.2333302,6.2699704,1.3642855,,3.768,22.378999,2.6229999999999998,43.377998,60.428000000000004,12.93,71.47,,,-0.06
BBNI.JK,Bank Negara Indonesia  (Persero,Financial Services,Banks - Regional,3570.0,133006773714944.0,6.433012,5.292417,0.8091825,,-0.837,12.45,1.559,39.861999999999995,42.648998,9.65,62.96000000000001,,,0.196
TLKM.JK,Telkom Indonesia (Persero) Tbk.,Communication Services,Telecom Services,2470.0,243494916456448.0,14.195402,9.459616,2.0577092,4.439,1.901,17.683001,7.579,12.007,28.538000000000004,8.93,125.16000000000001,59.982,0.791,0.11
EXCL.JK,XLSMART Telecom Sejahtera Tbk.,Communication Services,Telecom Services,2410.0,43861669838848.0,,14.354637,1.5189724,8.195,2.145,-13.436,-0.6859999999999999,-8.864999599999999,3.1719998,6.57,38.269999999999996,204.323,0.318,-0.103
ASII.JK,Astra International Tbk,Industrials,Conglomerates,4780.0,190817897545728.0,6.4605947,6.2250934,0.8293978,6.359,1.017,11.983,4.35,9.354,10.734,8.09,52.7,41.125,1.187,-0.083
UNTR.JK,United Tractors Tbk,Basic Materials,Other Industrial Metals & Mining,24325.0,84969502277632.0,11.504881,4.89474,0.90503585,4.0,0.833,7.437,5.1599998000000005,6.308,6.848999999999999,8.87,78.67,27.593,1.237,-0.358
UNVR.JK,Unilever Indonesia Tbk,Consumer Defensive,Household & Personal Products,1620.0,61529596624896.0,16.528925,15.248494,20.354828,12.08,1.825,133.36799,16.580000000000002,25.577998,12.069,14.07,205.10000000000002,18.102,0.571,0.201
ICBP.JK,Indofood CBP Sukses Makmur Tbk.,Consumer Defensive,Packaged Foods,6650.0,77551691104256.0,10.504201,7.343522,1.4697279,6.476,1.465,12.555,7.310999999999999,9.3430005,18.608,3.9,41.86,66.653,3.581,-0.014
INDF.JK,Indofood Sukses Makmur Tbk,Consumer Defensive,Packaged Foods,6925.0,60804451794944.0,6.3742633,5.326882,0.79315525,4.341,0.961,12.137,6.9970004,7.409000000000001,18.084998,4.14,26.610001999999998,63.789,2.029,0.043
KLBF.JK,Kalbe Farma Tbk,Healthcare,Drug Manufacturers - General,750.0,33936644243456.0,9.424479,10.025398,1.3949,6.187,0.827,14.768,9.224,9.568,11.865,2.67,25.129997999999997,3.208,3.153,-0.071
ANTM.JK,ANTAM (Persero) Tbk.,Basic Materials,Gold,3170.0,76177528061952.0,8.559934,22.369627,2.0439363,6.779,0.851,26.827,11.491,10.0760005,11.577,6.48,56.69,15.598,1.991,0.777
PTBA.JK,Bukit Asam (Persero) Tbk.,Energy,Thermal Coal,3010.0,34658217623552.0,7.3040524,7.361033,1.3739091,5.226,0.707,21.109,6.779,10.7329994,14.991999999999999,3.72,27.79,11.782,1.206,-0.325
ITMG.JK,Indo Tambangraya Megah Tbk,Energy,Thermal Coal,25300.0,28206946058240.0,7.6736894,6.1479244,14683.69,94957.055,14217.653,11.1190006,7.141,10.496,12.781999999999998,6.62,53.419995,5.2,3.458,-0.636
^JKLQ45,IDX LQ45,Index,Index,625.614,,,,,,,,,,,,,,,
