Breakdown,2026-06-30,2026-03-31,2025-12-31,2025-06-30,2025-03-31,2024-12-31
Free Cash Flow,2204065000000.0,-3259903000000.0,603945000000.0,157602000000.0,1788939000000.0,
Repayment Of Debt,-10567722000000.0,-4778965000000.0,-1066340000000.0,0.0,0.0,
Issuance Of Debt,7623126000000.0,8916092000000.0,1716215000000.0,,0.0,318220000000.0
Capital Expenditure,-198242000000.0,-105734000000.0,-228014000000.0,-35579000000.0,-293111000000.0,
End Cash Position,9226074000000.0,9038508000000.0,8433610000000.0,10513725000000.0,6915877000000.0,
Beginning Cash Position,9038508000000.0,8433610000000.0,9261871000000.0,6915877000000.0,4751621000000.0,
Effect Of Exchange Rate Changes,23803000000.0,-1142000000.0,-19497000000.0,-20024000000.0,23723000000.0,
Changes In Cash,163763000000.0,606040000000.0,-808764000000.0,3617872000000.0,2140533000000.0,
Financing Cash Flow,-3523316000000.0,4109867000000.0,458972000000.0,219010000000.0,-24142000000.0,
Cash Dividends Paid,,,-1000000.0,,,0.0
Net Issuance Payments Of Debt,-2944596000000.0,4137127000000.0,649875000000.0,250000000000.0,0.0,
Net Short Term Debt Issuance,-4247722000000.0,4137127000000.0,-2237275000000.0,250000000000.0,0.0,
Short Term Debt Payments,-10567722000000.0,-4778965000000.0,-1066340000000.0,0.0,0.0,
Short Term Debt Issuance,6320000000000.0,8916092000000.0,-1170935000000.0,,0.0,318220000000.0
Net Long Term Debt Issuance,,,,0.0,0.0,-1053375000000.0
Long Term Debt Payments,,,,0.0,0.0,-1053375000000.0
Investing Cash Flow,1284772000000.0,-349658000000.0,-2099695000000.0,3205681000000.0,82625000000.0,
Dividends Received Cfi,,,83319000000.0,,,284922000000.0
Net Investment Purchase And Sale,1452378000000.0,-243924000000.0,-2174358000000.0,3900605000000.0,375736000000.0,
Sale Of Investment,1645311000000.0,610000000000.0,-2426575000000.0,4100605000000.0,427953000000.0,
Purchase Of Investment,-192933000000.0,-853924000000.0,,-200000000000.0,-52217000000.0,-4327745000000.0
Net Business Purchase And Sale,,,0.0,,,-1704165000000.0
Purchase Of Business,,,0.0,,,-1704165000000.0
Net Intangibles Purchase And Sale,-10757000000.0,-8778000000.0,39034000000.0,-19496000000.0,-21195000000.0,
Purchase Of Intangibles,-10757000000.0,-8778000000.0,,-19496000000.0,-21195000000.0,
Net PPE Purchase And Sale,-187485000000.0,-96956000000.0,-267047000000.0,-16083000000.0,-271916000000.0,
Sale Of PPE,,,1000000.0,,,
Purchase Of PPE,-187485000000.0,-96956000000.0,-267048000000.0,-16083000000.0,-271916000000.0,
Cash Flowsfromusedin Operating Activities Direct,2402307000000.0,-3154169000000.0,831959000000.0,193181000000.0,2082050000000.0,
Taxes Refund Paid Direct,-2637443000000.0,-895038000000.0,-963149000000.0,-1274777000000.0,-1024191000000.0,
Interest Received Direct,73607000000.0,69104000000.0,65638000000.0,129696000000.0,89658000000.0,
Interest Paid Direct,-145438000000.0,-45928000000.0,-23512000000.0,0.0,0.0,
Classesof Cash Payments,-26245919000000.0,-32899030000000.0,-10580995000000.0,-28019555000000.0,-24059458000000.0,
Other Cash Paymentsfrom Operating Activities,,,29257000000.0,-65662000000.0,-72656000000.0,-53192000000.0
Paymentson Behalfof Employees,-636650000000.0,-947131000000.0,-567520000000.0,-503285000000.0,-696288000000.0,
Paymentsto Suppliersfor Goodsand Services,-25424364000000.0,-31951899000000.0,-10042732000000.0,-27450608000000.0,-23290514000000.0,
Classesof Cash Receiptsfrom Operating Activities,31357500000000.0,30616723000000.0,12333977000000.0,29357817000000.0,27076041000000.0,
Receiptsfrom Customers,31221530000000.0,30616723000000.0,12333977000000.0,29357817000000.0,27076041000000.0,
