Breakdown,2026-06-30,2026-03-31,2025-12-31,2025-09-30,2025-06-30,2025-03-31
Tax Effect Of Unusual Items,205081639584.20618,210767294834.68896,339718482246.5779,,204953156955.8729,180966000754.43716
Tax Rate For Calcs,0.171796,0.174137,0.180985,,0.18026,0.169638
Total Unusual Items,1193749000000.0,1210353000000.0,1877056000000.0,,1136986000000.0,1066780000000.0
Total Unusual Items Excluding Goodwill,1193749000000.0,1210353000000.0,1877056000000.0,,1136986000000.0,1066780000000.0
Net Income From Continuing Operation Net Minority Interest,5095072000000.0,5660764000000.0,4925570000000.0,,4713566000000.0,5380473000000.0
Reconciled Depreciation,756618000000.0,740631000000.0,728977000000.0,,581019000000.0,617137000000.0
Net Interest Income,11259312000000.0,11026010000000.0,11080113000000.0,,9681444000000.0,9834437000000.0
Interest Expense,8372334000000.0,7972552000000.0,7147335000000.0,,7219527000000.0,6878614000000.0
Interest Income,19631646000000.0,18998562000000.0,18227448000000.0,,16900971000000.0,16713051000000.0
Normalized Income,4106404639584.206,4661178294834.688,3388232482246.578,,3781533156955.873,4494659000754.4375
Net Income From Continuing And Discontinued Operation,5095072000000.0,5660764000000.0,4925570000000.0,,4713566000000.0,5380473000000.0
Diluted Average Shares,,37297312916.0,,,,37297312916.0
Basic Average Shares,,37297312916.0,,,,37297312916.0
Diluted EPS,,152.0,,,,144.0
Basic EPS,,152.0,,,,144.0
Diluted NI Availto Com Stockholders,5095072000000.0,5660764000000.0,4925570000000.0,,4713566000000.0,5380473000000.0
Net Income Common Stockholders,5095072000000.0,5660764000000.0,4925570000000.0,,4713566000000.0,5380473000000.0
Net Income,5095072000000.0,5660764000000.0,4925570000000.0,,4713566000000.0,5380473000000.0
Minority Interests,-28713000000.0,-25020000000.0,45203000000.0,,-39510000000.0,-32466000000.0
Net Income Including Noncontrolling Interests,5123785000000.0,5685784000000.0,4880367000000.0,,4753076000000.0,5412939000000.0
Net Income Continuous Operations,5123785000000.0,5685784000000.0,4880367000000.0,,4753076000000.0,5412939000000.0
Tax Provision,1062839000000.0,1198874000000.0,1078456000000.0,,1045197000000.0,1105828000000.0
Pretax Income,6186624000000.0,6884658000000.0,5958823000000.0,,5798273000000.0,6518767000000.0
Other Non Operating Income Expenses,-23695000000.0,-20259000000.0,116041000000.0,,-20794000000.0,-33100000000.0
Special Income Charges,1193749000000.0,1210353000000.0,1877056000000.0,,1136986000000.0,1066780000000.0
Write Off,-1193749000000.0,-1210353000000.0,-1877056000000.0,,-1136986000000.0,-1066780000000.0
Gain On Sale Of Security,593420000000.0,671676000000.0,697848000000.0,967272000000.0,761696000000.0,
Operating Expense,8063203000000.0,7479347000000.0,9024594000000.0,7867299000000.0,7027620000000.0,
Other Operating Expenses,1141351000000.0,848567000000.0,1282998000000.0,,790362000000.0,896404000000.0
Depreciation And Amortization In Income Statement,756618000000.0,740631000000.0,728977000000.0,,581019000000.0,617137000000.0
Depreciation Income Statement,756618000000.0,740631000000.0,728977000000.0,,581019000000.0,617137000000.0
Selling General And Administration,1750135000000.0,1425979000000.0,2266694000000.0,,1814011000000.0,1416217000000.0
Selling And Marketing Expense,207540000000.0,182160000000.0,417217000000.0,,250522000000.0,179677000000.0
General And Administrative Expense,1542595000000.0,1243819000000.0,1849477000000.0,,1563489000000.0,1236540000000.0
Insurance And Claims,561763000000.0,552622000000.0,455391000000.0,455391000000.0,396534000000.0,
Rent And Landing Fees,160868000000.0,147756000000.0,190540000000.0,,172210000000.0,156403000000.0
Total Revenue,15656720000000.0,15148943000000.0,16176982000000.0,14560550000000.0,13392112000000.0,
Operating Revenue,15656720000000.0,15148943000000.0,16176982000000.0,14560550000000.0,13392112000000.0,
