Breakdown,2025-12-31,2024-12-31,2023-12-31,2022-12-31,2021-12-31
Treasury Shares Number,,,0.0,,70800000.0
Ordinary Shares Number,93333333332.0,93333333332.0,93333333332.0,93333333332.0,
Share Issued,93333333332.0,93333333332.0,93333333332.0,93333333332.0,
Total Debt,218797194000000.0,172099510000000.0,134256304000000.0,107146082000000.0,
Tangible Book Value,286231511000000.0,276751686000000.0,254978186000000.0,224585177000000.0,
Invested Capital,508518318000000.0,454279359000000.0,394114120000000.0,335956834000000.0,
Net Tangible Assets,286231511000000.0,276751686000000.0,254978186000000.0,224585177000000.0,
Common Stock Equity,293750669000000.0,283796429000000.0,260852784000000.0,229678786000000.0,
Total Capitalization,508518318000000.0,454279359000000.0,394114120000000.0,335956834000000.0,
Total Equity Gross Minority Interest,327401998000000.0,313474681000000.0,287494962000000.0,252245455000000.0,
Minority Interest,33651329000000.0,29678252000000.0,26642178000000.0,22566669000000.0,
Stockholders Equity,293750669000000.0,283796429000000.0,260852784000000.0,229678786000000.0,
Other Equity Interest,-309938000000.0,-309938000000.0,-97202000000.0,-97202000000.0,
Fixed Assets Revaluation Reserve,38445684000000.0,34772745000000.0,34716693000000.0,34716693000000.0,
Treasury Stock,403625000000.0,0.0,,0.0,150895000000.0
Retained Earnings,218129454000000.0,214670201000000.0,191923489000000.0,161606164000000.0,
Additional Paid In Capital,18095274000000.0,18095274000000.0,17643264000000.0,17643264000000.0,
Capital Stock,11666667000000.0,11666667000000.0,11666667000000.0,11666667000000.0,
Common Stock,11666667000000.0,11666667000000.0,11666667000000.0,11666667000000.0,
Total Liabilities Net Minority Interest,2502546028000000.0,2113748581000000.0,1886724487000000.0,1740299232000000.0,
Derivative Product Liabilities,,,,2126769000000.0,1018751000000.0
Long Term Debt And Capital Lease Obligation,218797194000000.0,172099510000000.0,134256304000000.0,107146082000000.0,
Payables,31078614000000.0,20312915000000.0,18463724000000.0,13514719000000.0,
Other Payable,8709444000000.0,9430111000000.0,4430807000000.0,4638897000000.0,
Dividends Payable,9324158000000.0,0.0,,,
Total Tax Payable,3581393000000.0,3314324000000.0,2887676000000.0,3735675000000.0,
Accounts Payable,9463619000000.0,7568480000000.0,11145241000000.0,5140147000000.0,
Total Assets,2829948026000000.0,2427223262000000.0,2174219449000000.0,1992544687000000.0,
Investments And Advances,420123956000000.0,385167458000000.0,405556176000000.0,414700536000000.0,
Investmentin Financial Assets,417777634000000.0,382750710000000.0,403728812000000.0,412011582000000.0,
Available For Sale Securities,306208512000000.0,294456054000000.0,309833865000000.0,321632334000000.0,
Financial Assets Designatedas Fair Value Through Profitor Loss Total,96381178000000.0,65733703000000.0,59353135000000.0,46166068000000.0,
Long Term Equity Investment,2346322000000.0,2416748000000.0,1827364000000.0,2688954000000.0,
Goodwill And Other Intangible Assets,7519158000000.0,7044743000000.0,5874598000000.0,5093609000000.0,
Other Intangible Assets,6999872000000.0,6525457000000.0,5087132000000.0,4306143000000.0,
Goodwill,519286000000.0,519286000000.0,787466000000.0,787466000000.0,
Net PPE,72062331000000.0,63030845000000.0,57977707000000.0,56540566000000.0,
Accumulated Depreciation,-31087944000000.0,-27427835000000.0,-24337324000000.0,-21429332000000.0,
Gross PPE,103150275000000.0,90458680000000.0,82315031000000.0,77969898000000.0,
Construction In Progress,4611571000000.0,6561618000000.0,4438613000000.0,3121729000000.0,
Other Properties,1884321000000.0,1724483000000.0,1559783000000.0,1308682000000.0,
Machinery Furniture Equipment,22838947000000.0,18095574000000.0,15646275000000.0,15207830000000.0,
Buildings And Improvements,27873168000000.0,21876086000000.0,19252635000000.0,16974777000000.0,
Land And Improvements,45942268000000.0,42200919000000.0,41417725000000.0,41356880000000.0,
Prepaid Assets,9122970000000.0,6641821000000.0,3989239000000.0,3412911000000.0,
Receivables,63660274000000.0,54912740000000.0,50963216000000.0,55101992000000.0,
Cash And Cash Equivalents,384905876000000.0,250733275000000.0,249396176000000.0,277848602000000.0,
Cash Financial,33857220000000.0,31665082000000.0,26431740000000.0,27212759000000.0,
Cash Cash Equivalents And Federal Funds Sold,388809653000000.0,259023413000000.0,272089104000000.0,289554591000000.0,
Net Loan,1841747839000000.0,1614500920000000.0,1338770328000000.0,1131134603000000.0,
