Breakdown,2026-06-30,2026-03-31,2025-12-31,2025-09-30,2025-06-30,2024-12-31
Free Cash Flow,1400941000000.0,4490668000000.0,152400000000.0,3116360000000.0,2405250000000.0,
Repurchase Of Capital Stock,,,-21443000000.0,0.0,,
Repayment Of Debt,-351161000000.0,-2580778000000.0,-2685599000000.0,-1699401000000.0,-606423000000.0,
Issuance Of Debt,69800000000.0,3285000000.0,3840477000000.0,970775000000.0,3502969000000.0,
Issuance Of Capital Stock,,,,,,0.0
Capital Expenditure,-5551278000000.0,-2241802000000.0,-2626133000000.0,-2786871000000.0,-2206392000000.0,
End Cash Position,2016214000000.0,2701618000000.0,2666146000000.0,1355438000000.0,1198549000000.0,
Beginning Cash Position,2701618000000.0,2666146000000.0,1355438000000.0,1198549000000.0,1463736000000.0,
Effect Of Exchange Rate Changes,11987000000.0,2657000000.0,1168000000.0,2050000000.0,-4166000000.0,
Changes In Cash,-697391000000.0,32815000000.0,1309540000000.0,154839000000.0,-261021000000.0,
Financing Cash Flow,-2201434000000.0,-4550143000000.0,-760033000000.0,-2970651000000.0,-2878814000000.0,
Interest Paid Cff,-788814000000.0,-842259000000.0,-812880000000.0,-966115000000.0,-977412000000.0,
Cash Dividends Paid,,,-2893674000000.0,0.0,,0.0
Common Stock Dividend Paid,,,-2893674000000.0,0.0,,0.0
Net Common Stock Issuance,,,2715249000000.0,0.0,,0.0
Common Stock Payments,,,-21443000000.0,0.0,,
Common Stock Issuance,,,,,,0.0
Net Issuance Payments Of Debt,-281361000000.0,-2577493000000.0,1154878000000.0,-728626000000.0,2896546000000.0,
Net Long Term Debt Issuance,-281361000000.0,-2577493000000.0,1154878000000.0,-728626000000.0,2896546000000.0,
Long Term Debt Payments,-351161000000.0,-2580778000000.0,-2685599000000.0,-1699401000000.0,-606423000000.0,
Long Term Debt Issuance,69800000000.0,3285000000.0,3840477000000.0,970775000000.0,3502969000000.0,
Investing Cash Flow,-5448176000000.0,-2149512000000.0,-708960000000.0,-2777741000000.0,-1993849000000.0,
Net Other Investing Changes,15556000000.0,10125000000.0,13212000000.0,10777000000.0,,
Dividends Received Cfi,,,,,,0.0
Net Business Purchase And Sale,,,,,,0.0
Purchase Of Business,,,,,,0.0
Net PPE Purchase And Sale,-5463732000000.0,-2159637000000.0,-2395395000000.0,-3017293000000.0,-1975025000000.0,
Sale Of PPE,87546000000.0,82165000000.0,230738000000.0,-230422000000.0,231367000000.0,
Purchase Of PPE,-5551278000000.0,-2241802000000.0,-2626133000000.0,-2786871000000.0,-2206392000000.0,
Cash Flowsfromusedin Operating Activities Direct,6952219000000.0,6732470000000.0,2778533000000.0,5903231000000.0,4611642000000.0,
Taxes Refund Paid Direct,-23708000000.0,-163335000000.0,-307218000000.0,-745048000000.0,656301000000.0,
Interest Received Direct,34560000000.0,47896000000.0,33932000000.0,6786000000.0,25392000000.0,
Classesof Cash Payments,-4574989000000.0,-6417860000000.0,-8377229000000.0,-4021319000000.0,-6592400000000.0,
Paymentson Behalfof Employees,-742112000000.0,-1494802000000.0,-646256000000.0,-593297000000.0,-947289000000.0,
Paymentsto Suppliersfor Goodsand Services,-3832877000000.0,-4923058000000.0,-7730973000000.0,-4160300000000.0,-4912833000000.0,
Classesof Cash Receiptsfrom Operating Activities,11516356000000.0,13265769000000.0,11429048000000.0,10662812000000.0,10522349000000.0,
Receiptsfrom Customers,11516356000000.0,13265769000000.0,11429048000000.0,10662812000000.0,10522349000000.0,
