Breakdown,2026-06-30,2026-03-31,2025-12-31,2025-06-30,2025-03-31
Tax Effect Of Unusual Items,0.0,0.0,0.0,0.0,0.0
Tax Rate For Calcs,0.19646,0.195798,0.195386,0.209686,0.186384
Normalized EBITDA,2608054000000.0,4345418000000.0,3858849000000.0,4669258000000.0,4315295000000.0
Net Income From Continuing Operation Net Minority Interest,1128660000000.0,2573904000000.0,2116678000000.0,2879426000000.0,2656712000000.0
Reconciled Depreciation,86607000000.0,86431000000.0,93181000000.0,88708000000.0,86067000000.0
Reconciled Cost Of Revenue,13329930000000.0,14166226000000.0,12128260000000.0,11586932000000.0,12891456000000.0
EBITDA,2608054000000.0,4345418000000.0,3858849000000.0,4669258000000.0,4315295000000.0
EBIT,2521447000000.0,4258987000000.0,3765668000000.0,4580550000000.0,4229228000000.0
Net Interest Income,-352419000000.0,-330723000000.0,-454152000000.0,-292417000000.0,-288519000000.0
Interest Expense,634496000000.0,502215000000.0,574961000000.0,568193000000.0,499494000000.0
Interest Income,282077000000.0,171492000000.0,120809000000.0,275776000000.0,210975000000.0
Normalized Income,1128660000000.0,2573904000000.0,2116678000000.0,2879426000000.0,2656712000000.0
Net Income From Continuing And Discontinued Operation,1128660000000.0,2573904000000.0,2116678000000.0,2879426000000.0,2656712000000.0
Total Expenses,16398631000000.0,17198734000000.0,14724041000000.0,13931429000000.0,15673602000000.0
Rent Expense Supplemental,66840000000.0,55333000000.0,49462000000.0,41806000000.0,36883000000.0
Total Operating Income As Reported,4534316000000.0,4618582000000.0,3912774000000.0,3322783000000.0,5153095000000.0
Diluted Average Shares,,11661908000.0,,,11661908000.0
Basic Average Shares,,11661908000.0,,,11661908000.0
Diluted EPS,,221.0,,,228.0
Basic EPS,,221.0,,,228.0
Diluted NI Availto Com Stockholders,1128660000000.0,2573904000000.0,2116678000000.0,2879426000000.0,2656712000000.0
Net Income Common Stockholders,1128660000000.0,2573904000000.0,2116678000000.0,2879426000000.0,2656712000000.0
Otherunder Preferred Stock Dividend,0.0,0.0,0.0,0.0,0.0
Net Income,1128660000000.0,2573904000000.0,2116678000000.0,2879426000000.0,2656712000000.0
Minority Interests,-387581000000.0,-447301000000.0,-450610000000.0,-291596000000.0,-377859000000.0
Net Income Including Noncontrolling Interests,1516241000000.0,3021205000000.0,2567288000000.0,3171022000000.0,3034571000000.0
Net Income Continuous Operations,1516241000000.0,3021205000000.0,2567288000000.0,3171022000000.0,3034571000000.0
Tax Provision,370710000000.0,735567000000.0,623419000000.0,841335000000.0,695163000000.0
Pretax Income,1886951000000.0,3756772000000.0,3190707000000.0,4012357000000.0,3729734000000.0
Other Non Operating Income Expenses,-26533000000.0,-31035000000.0,-20151000000.0,-40424000000.0,-32113000000.0
Net Non Operating Interest Income Expense,-352419000000.0,-330723000000.0,-454152000000.0,-292417000000.0,-288519000000.0
Interest Expense Non Operating,634496000000.0,502215000000.0,574961000000.0,568193000000.0,499494000000.0
Interest Income Non Operating,282077000000.0,171492000000.0,120809000000.0,275776000000.0,210975000000.0
Operating Income,3749033000000.0,4516990000000.0,3860100000000.0,3483709000000.0,4512188000000.0
Operating Expense,3068701000000.0,3032508000000.0,2595781000000.0,2344497000000.0,2782146000000.0
Other Operating Expenses,131890000000.0,100600000000.0,-1488000000.0,67190000000.0,65808000000.0
Depreciation And Amortization In Income Statement,86607000000.0,86431000000.0,93181000000.0,88708000000.0,86067000000.0
Amortization,33309000000.0,33310000000.0,33309000000.0,33309000000.0,33310000000.0
Depreciation Income Statement,53298000000.0,53121000000.0,59872000000.0,55399000000.0,52757000000.0
Selling General And Administration,2267543000000.0,2190044000000.0,2092147000000.0,1688174000000.0,2030537000000.0
Selling And Marketing Expense,1936090000000.0,1858011000000.0,1739791000000.0,1451602000000.0,1800761000000.0
General And Administrative Expense,331453000000.0,332033000000.0,352356000000.0,236572000000.0,229776000000.0
Rent And Landing Fees,66840000000.0,55333000000.0,49462000000.0,41806000000.0,36883000000.0
Gross Profit,6817734000000.0,7549498000000.0,6455881000000.0,5828206000000.0,7294334000000.0
Cost Of Revenue,13329930000000.0,14166226000000.0,12128260000000.0,11586932000000.0,12891456000000.0
Total Revenue,20147664000000.0,21715724000000.0,18584141000000.0,17415138000000.0,20185790000000.0
Operating Revenue,20147664000000.0,21715724000000.0,18584141000000.0,17415138000000.0,20185790000000.0
