Breakdown,2026-06-30,2026-03-31,2025-12-31,2025-09-30,2025-06-30,2025-03-31,2024-12-31
Free Cash Flow,11206000000000.0,12288000000000.0,6814000000000.0,10234000000000.0,10086000000000.0,,
Repurchase Of Capital Stock,-866000000000.0,-614000000000.0,-25000000000.0,0.0,,0.0,
Repayment Of Debt,-12563000000000.0,-19739000000000.0,-20902000000000.0,-23157000000000.0,-16484000000000.0,,
Issuance Of Debt,22508000000000.0,11572000000000.0,16706000000000.0,13500000000000.0,30762000000000.0,,
Issuance Of Capital Stock,,,,,,,322000000000.0
Capital Expenditure,-6366000000000.0,-5002000000000.0,-7423000000000.0,-6798000000000.0,-5711000000000.0,,
End Cash Position,54579000000000.0,37549000000000.0,34228000000000.0,31554000000000.0,33185000000000.0,,
Other Cash Adjustment Outside Changein Cash,0.0,-1000000000.0,0.0,0.0,0.0,,
Beginning Cash Position,37549000000000.0,34228000000000.0,31554000000000.0,33185000000000.0,34410000000000.0,,
Effect Of Exchange Rate Changes,510000000000.0,170000000000.0,12000000000.0,220000000000.0,-86000000000.0,,
Changes In Cash,16520000000000.0,3152000000000.0,2662000000000.0,-1851000000000.0,-1139000000000.0,,
Financing Cash Flow,4661000000000.0,-9018000000000.0,-4030000000000.0,-11793000000000.0,-11997000000000.0,,
Cash Flow From Continuing Financing Activities,4661000000000.0,-9018000000000.0,-4030000000000.0,-11793000000000.0,-11997000000000.0,,
Net Other Financing Charges,-4418000000000.0,-237000000000.0,-79000000000.0,-2136000000000.0,,,-236000000000.0
Cash Dividends Paid,,,0.0,0.0,,,0.0
Common Stock Dividend Paid,,,0.0,0.0,,,0.0
Net Common Stock Issuance,-866000000000.0,-614000000000.0,245000000000.0,0.0,,0.0,
Common Stock Payments,-866000000000.0,-614000000000.0,-25000000000.0,0.0,,0.0,
Common Stock Issuance,,,,,,,322000000000.0
Net Issuance Payments Of Debt,9945000000000.0,-8167000000000.0,-4196000000000.0,-9657000000000.0,14278000000000.0,,
Net Long Term Debt Issuance,9945000000000.0,-8167000000000.0,-4196000000000.0,-9657000000000.0,14278000000000.0,,
Long Term Debt Payments,-12563000000000.0,-19739000000000.0,-20902000000000.0,-23157000000000.0,-16484000000000.0,,
Long Term Debt Issuance,22508000000000.0,11572000000000.0,16706000000000.0,13500000000000.0,30762000000000.0,,
Investing Cash Flow,-5713000000000.0,-5120000000000.0,-7545000000000.0,-7090000000000.0,-4939000000000.0,,
Cash Flow From Continuing Investing Activities,-5713000000000.0,-5120000000000.0,-7545000000000.0,-7090000000000.0,-4939000000000.0,,
Net Other Investing Changes,0.0,-108000000000.0,-579000000000.0,27000000000.0,-88000000000.0,,
Dividends Received Cfi,,,0.0,,,,0.0
Net Investment Purchase And Sale,-264000000000.0,-10000000000.0,381000000000.0,-320000000000.0,859000000000.0,,
Sale Of Investment,0.0,314000000000.0,-165000000000.0,3000000000.0,,0.0,
Purchase Of Investment,-264000000000.0,-324000000000.0,546000000000.0,-323000000000.0,-31000000000.0,,
Net Intangibles Purchase And Sale,-878000000000.0,-611000000000.0,-730000000000.0,-535000000000.0,-897000000000.0,,
Purchase Of Intangibles,-878000000000.0,-611000000000.0,-730000000000.0,-535000000000.0,-897000000000.0,,
Net PPE Purchase And Sale,-5426000000000.0,-4391000000000.0,-6617000000000.0,-6262000000000.0,-4813000000000.0,,
Sale Of PPE,,,76000000000.0,1000000000.0,,,11000000000.0
Purchase Of PPE,-5488000000000.0,-4391000000000.0,-6693000000000.0,-6263000000000.0,-4814000000000.0,,
Cash Flowsfromusedin Operating Activities Direct,17572000000000.0,17290000000000.0,14237000000000.0,17032000000000.0,15797000000000.0,,
Taxes Refund Paid Direct,-1449000000000.0,-763000000000.0,-3681000000000.0,-2081000000000.0,-2699000000000.0,,
Interest Received Direct,389000000000.0,342000000000.0,368000000000.0,394000000000.0,476000000000.0,,
Interest Paid Direct,-1035000000000.0,-1057000000000.0,-1132000000000.0,-1451000000000.0,-1305000000000.0,,
Classesof Cash Payments,-19678000000000.0,-19493000000000.0,-23228000000000.0,-19377000000000.0,-18898000000000.0,,
Other Cash Paymentsfrom Operating Activities,-12639000000000.0,-13328000000000.0,-17329000000000.0,-14094000000000.0,-12291000000000.0,,
Paymentson Behalfof Employees,-4942000000000.0,-4879000000000.0,-1830000000000.0,-3203000000000.0,-3990000000000.0,,
Classesof Cash Receiptsfrom Operating Activities,37896000000000.0,37498000000000.0,38229000000000.0,37466000000000.0,35524000000000.0,,
Other Cash Receiptsfrom Operating Activities,,,377000000000.0,133000000000.0,153000000000.0,357000000000.0,25000000000.0
Receiptsfrom Customers,37248000000000.0,36975000000000.0,37464000000000.0,37334000000000.0,35453000000000.0,,
