Quartal,PMI-BI
2016-Q1,46.69
2016-Q2,52.38
2016-Q3,48.74
2016-Q4,50.91
2017-Q1,48.85
2017-Q2,51.68
2017-Q3,53.71
2017-Q4,48.75
2018-Q1,50.14
2018-Q2,52.4
2018-Q3,52.02
2018-Q4,52.58
2019-Q1,52.65
2019-Q2,52.66
2019-Q3,52.04
2019-Q4,51.5
2020-Q1,45.64
2020-Q2,28.55
2020-Q3,44.91
2020-Q4,47.29
2021-Q1,50.01
2021-Q2,51.45
2021-Q3,48.75
2021-Q4,50.17
2022-Q1,51.77
2022-Q2,53.61
2022-Q3,53.71
2022-Q4,50.06
2023-Q1,50.75
2023-Q2,52.39
2023-Q3,52.93
2023-Q4,51.2
2024-Q1,52.8
2024-Q2,51.97
2024-Q3,51.54
2024-Q4,51.58
2025-Q1,51.67
2025-Q2,50.89
2025-Q3,51.66
2025-Q4,51.86
2026-Q1,52.03
2026-Q2,51.43
