Tanggal,Nilai Neraca Perdagangan
31/07/2026,"Rp121,900"
30/06/2026,"-Rp450,500"
31/05/2026,"-Rp1,610,200"
30/04/2026,"Rp89,100"
31/03/2026,"Rp3,321,000"
28/02/2026,"Rp1,273,300"
31/01/2026,"Rp954,300"
31/12/2025,"Rp2,519,100"
30/11/2025,"Rp2,704,900"
31/10/2025,"Rp2,373,800"
30/09/2025,"Rp4,198,000"
31/08/2025,"Rp5,573,300"
31/07/2025,"Rp4,177,800"
30/06/2025,"Rp4,095,500"
31/05/2025,"Rp4,311,600"
30/04/2025,"Rp196,600"
31/03/2025,"Rp4,296,200"
28/02/2025,"Rp3,155,600"
31/01/2025,"Rp3,540,300"
31/12/2024,"Rp2,090,200"
30/11/2024,"Rp4,344,400"
31/10/2024,"Rp2,711,000"
30/09/2024,"Rp3,176,700"
31/08/2024,"Rp2,755,100"
31/07/2024,"Rp671,200"
30/06/2024,"Rp2,518,900"
31/05/2024,"Rp2,936,800"
30/04/2024,"Rp2,699,700"
31/03/2024,"Rp4,602,200"
29/02/2024,"Rp840,900"
31/01/2024,"Rp1,982,500"
31/12/2023,"Rp3,253,200"
30/11/2023,"Rp2,396,100"
31/10/2023,"Rp3,443,000"
30/09/2023,"Rp3,354,500"
31/08/2023,"Rp3,079,700"
31/07/2023,"Rp1,286,300"
30/06/2023,"Rp3,415,900"
31/05/2023,"Rp379,100"
30/04/2023,"Rp3,892,400"
31/03/2023,"Rp2,737,000"
28/02/2023,"Rp5,376,800"
31/01/2023,"Rp3,806,200"
31/12/2022,"Rp3,894,700"
30/11/2022,"Rp5,077,600"
31/10/2022,"Rp5,573,200"
30/09/2022,"Rp4,865,500"
31/08/2022,"Rp5,640,400"
31/07/2022,"Rp4,160,000"
30/06/2022,"Rp5,135,800"
31/05/2022,"Rp2,895,600"
30/04/2022,"Rp7,578,500"
31/03/2022,"Rp4,630,500"
28/02/2022,"Rp3,832,500"
31/01/2022,"Rp967,000"
31/12/2021,"Rp1,029,500"
30/11/2021,"Rp3,532,000"
31/10/2021,"Rp5,826,000"
30/09/2021,"Rp4,384,700"
31/08/2021,"Rp4,764,300"
31/07/2021,"Rp4,106,500"
30/06/2021,"Rp1,329,300"
31/05/2021,"Rp2,673,200"
30/04/2021,"Rp2,269,700"
31/03/2021,"Rp1,610,900"
28/02/2021,"Rp1,990,400"
31/01/2021,"Rp1,970,300"
31/12/2020,"Rp2,100,000"
30/11/2020,"Rp2,600,000"
31/10/2020,"Rp3,600,000"
30/09/2020,"Rp2,400,000"
31/08/2020,"Rp2,300,000"
31/07/2020,"Rp3,200,000"
30/06/2020,"Rp1,200,000"
31/05/2020,"Rp2,000,000"
30/04/2020,"-Rp400,000"
31/03/2020,"Rp700,000"
29/02/2020,"Rp2,500,000"
31/01/2020,"-Rp600,000"
31/12/2019,"-Rp100,000"
30/11/2019,"-Rp1,400,000"
31/10/2019,"Rp100,000"
30/09/2019,"-Rp200,000"
31/08/2019,"Rp100,000"
31/07/2019,"-Rp300,000"
30/06/2019,"Rp300,000"
31/05/2019,"Rp100,000"
30/04/2019,"-Rp2,300,000"
31/03/2019,"Rp700,000"
28/02/2019,"Rp300,000"
31/01/2019,"-Rp1,000,000"
31/12/2018,"-Rp1,100,000"
30/11/2018,"-Rp2,100,000"
31/10/2018,"-Rp1,800,000"
30/09/2018,"Rp300,000"
31/08/2018,"-Rp1,000,000"
31/07/2018,"-Rp2,000,000"
30/06/2018,"Rp1,700,000"
31/05/2018,"-Rp1,500,000"
30/04/2018,"-Rp1,700,000"
31/03/2018,"Rp1,000,000"
28/02/2018,"-Rp100,000"
31/01/2018,"-Rp700,000"
31/12/2017,"-Rp200,000"
30/11/2017,"Rp200,000"
31/10/2017,"Rp1,000,000"
30/09/2017,"Rp1,800,000"
31/08/2017,"Rp1,700,000"
31/07/2017,"-Rp300,000"
30/06/2017,"Rp1,700,000"
31/05/2017,"Rp600,000"
30/04/2017,"Rp1,300,000"
31/03/2017,"Rp1,400,000"
28/02/2017,"Rp1,300,000"
31/01/2017,"Rp1,400,000"
31/12/2016,"Rp990,000"
30/11/2016,"Rp840,000"
31/10/2016,"Rp1,210,000"
30/09/2016,"Rp1,210,000"
31/08/2016,"-Rp290,000"
